{
  "project_info": {
    "project_number": "784536801663",
    "project_id": "chatapp-e5bf8",
    "storage_bucket": "chatapp-e5bf8.firebasestorage.app"
  },
  "client": [
    {
      "client_info": {
        "mobilesdk_app_id": "1:784536801663:android:8b5c45713e7d5c6b338a4a",
        "android_client_info": {
          "package_name": "com.example.chatapp"
        }
      },
      "oauth_client": [],
      "api_key": [
        {
          "current_key": "AIzaSyDJGK49zkw3shaN6WB-fyjwc0wdx1t7_Ms"
        }
      ],
      "services": {
        "appinvite_service": {
          "other_platform_oauth_client": []
        }
      }
    }
  ],
  "configuration_version": "1"
}